{"model":{"version":2,"nodes":[{"name":"RootNode","position":[0,0,0],"rotation":[0,0,0],"scale":[1,1,1]},{"name":"polySurface5","position":[0,0,0],"rotation":[0,0,0],"scale":[0.01,0.01,0.01]}],"parents":[-1,0],"skins":[],"vertices":[{"position":{"type":"float32","components":3,"data":[3.91901,0,0.5,4.55469,0,0.25,4.55469,0,0.5,3.91901,0,0.25,1.47005,3.8,0.5,1.36406,3.8,0.25,1.36406,3.8,0.5,1.47005,3.8,0.25,3.3,3.76667,0.5,3.3,4.4,0.25,3.3,4.4,0.5,3.3,3.76667,0.25,4.13646,0.6,0.5,3.92734,0.6,0.25,3.92734,0.6,0.5,4.13646,0.6,0.25,4.55469,0.3,0.5,4.55469,0.4,0.25,4.55469,0.4,0.5,4.55469,0.3,0.25,4.55469,0.1,0.5,4.55469,0.2,0.25,4.55469,0.2,0.5,4.55469,0.1,0.25,4.55469,0.1,0,4.55469,0.2,0,4.55469,0,0.25,4.55469,0,0,4.55469,0,0.5,4.55469,0.3,0,4.55469,0.4,0,4.55469,0.5,0.5,4.55469,0.6,0.25,4.55469,0.6,0.5,4.55469,0.5,0.25,4.55469,0.5,0,4.55469,0.6,0,4.34557,0.6,0.25,4.34557,0.6,0.5,4.34557,0.6,0,4.13646,0.6,0,3.92734,0.6,0,3.3,0.6,0.5,3.3,1.23333,0.25,3.3,1.23333,0.5,3.3,0.6,0.25,3.71823,0.6,0.5,3.50911,0.6,0.25,3.50911,0.6,0.5,3.71823,0.6,0.25,3.71823,0.6,0,3.50911,0.6,0,3.3,0.6,0,3.3,1.23333,0,3.3,1.86667,0.5,3.3,2.5,0.25,3.3,2.5,0.5,3.3,1.86667,0.25,3.3,1.86667,0,3.3,2.5,0,3.3,3.13333,0.25,3.3,3.13333,0.5,3.3,3.13333,0,3.3,3.76667,0,3.3,4.4,0,2,4.2,0.5,2,4.1,0.25,2,4.1,0.5,2,4.2,0.25,2.65,4.4,0.5,2.43333,4.4,0.25,2.43333,4.4,0.5,2.65,4.4,0.25,3.08333,4.4,0.5,2.86667,4.4,0.25,2.86667,4.4,0.5,3.08333,4.4,0.25,3.08333,4.4,0,2.86667,4.4,0,2.65,4.4,0,2.43333,4.4,0,2.21667,4.4,0.5,2,4.4,0.25,2,4.4,0.5,2.21667,4.4,0.25,2.21667,4.4,0,2,4.4,0,2,4.3,0.25,2,4.3,0.5,2,4.3,0,2,4.2,0,2,4.1,0,2,3.8,0.5,1.89401,3.8,0.25,1.89401,3.8,0.5,2,3.8,0.25,2,4,0.5,2,3.9,0.25,2,3.9,0.5,2,4,0.25,2,4,0,2,3.9,0,2,3.8,0,1.89401,3.8,0,1.78802,3.8,0.5,1.68203,3.8,0.25,1.68203,3.8,0.5,1.78802,3.8,0.25,1.78802,3.8,0,1.68203,3.8,0,1.57604,3.8,0.25,1.57604,3.8,0.5,1.57604,3.8,0,1.47005,3.8,0,1.36406,3.8,0,2,1.03333,0.5,2,0.6,0.25,2,0.6,0.5,2,1.03333,0.25,1.57604,3.2,0.5,1.68203,3.2,0.25,1.68203,3.2,0.5,1.57604,3.2,0.25,1.36406,3.5,0.5,1.36406,3.4,0.25,1.36406,3.4,0.5,1.36406,3.5,0.25,1.36406,3.7,0.5,1.36406,3.6,0.25,1.36406,3.6,0.5,1.36406,3.7,0.25,1.36406,3.7,0,1.36406,3.6,0,1.36406,3.5,0,1.36406,3.4,0,1.36406,3.3,0.5,1.36406,3.2,0.25,1.36406,3.2,0.5,1.36406,3.3,0.25,1.36406,3.3,0,1.36406,3.2,0,1.47005,3.2,0.25,1.47005,3.2,0.5,1.47005,3.2,0,1.57604,3.2,0,1.68203,3.2,0,2,3.2,0.5,2,2.76667,0.25,2,2.76667,0.5,2,3.2,0.25,1.78802,3.2,0.5,1.89401,3.2,0.25,1.89401,3.2,0.5,1.78802,3.2,0.25,1.78802,3.2,0,1.89401,3.2,0,2,3.2,0,2,2.76667,0,2,2.33333,0.5,2,1.9,0.25,2,1.9,0.5,2,2.33333,0.25,2,2.33333,0,2,1.9,0,2,1.46667,0.25,2,1.46667,0.5,2,1.46667,0,2,1.03333,0,2,0.6,0,0.740626,0.4,0.5,0.740626,0.3,0.25,0.740626,0.3,0.5,0.740626,0.4,0.25,1.37031,0.6,0.5,1.16042,0.6,0.25,1.16042,0.6,0.5,1.37031,0.6,0.25,1.7901,0.6,0.5,1.58021,0.6,0.25,1.58021,0.6,0.5,1.7901,0.6,0.25,1.7901,0.6,0,1.58021,0.6,0,1.37031,0.6,0,1.16042,0.6,0,0.950521,0.6,0.5,0.740626,0.6,0.25,0.740626,0.6,0.5,0.950521,0.6,0.25,0.950521,0.6,0,0.740626,0.6,0,0.740626,0.5,0.25,0.740626,0.5,0.5,0.740626,0.5,0,0.740626,0.4,0,0.740626,0.3,0,0.740626,0,0.5,1.3763,0,0.25,1.3763,0,0.5,0.740626,0,0.25,0.740626,0.2,0.5,0.740626,0.1,0.25,0.740626,0.1,0.5,0.740626,0.2,0.25,0.740626,0.2,0,0.740626,0.1,0,0.740626,0,0,1.3763,0,0,2.01198,0,0.5,2.64766,0,0.25,2.64766,0,0.5,2.01198,0,0.25,2.01198,0,0,2.64766,0,0,3.28333,0,0.25,3.28333,0,0.5,3.28333,0,0,3.91901,0,0,4.55469,0,0,0.950521,0.6,0,0.740626,0.5,0,0.740626,0.6,0,1.16042,0.6,0,0.740626,0.2,0,0.740626,0.3,0,2.01198,0,0,2,0.6,0,2.64766,0,0,1.3763,0,0,1.7901,0.6,0,2,2.33333,0,3.3,1.86667,0,2,1.9,0,3.3,2.5,0,1.57604,3.8,0,1.36406,3.5,0,1.36406,3.6,0,1.89401,3.2,0,1.89401,3.8,0,2,3.2,0,1.78802,3.8,0,3.3,3.13333,0,3.3,3.76667,0,4.13646,0.6,0,4.55469,0.2,0,3.91901,0,0,4.55469,0.3,0,4.55469,0.1,0,3.28333,0,0,3.50911,0.6,0,3.3,0.6,0,1.58021,0.6,0,0.740626,0.1,0,0.740626,0,0,0.740626,0.4,0,1.37031,0.6,0,3.3,1.23333,0,2,1.46667,0,2,1.03333,0,2,2.76667,0,1.78802,3.2,0,1.68203,3.2,0,1.68203,3.8,0,1.57604,3.2,0,1.47005,3.2,0,1.36406,3.4,0,1.36406,3.2,0,1.36406,3.3,0,2,4.1,0,2.21667,4.4,0,2.43333,4.4,0,1.47005,3.8,0,1.36406,3.7,0,1.36406,3.8,0,2,3.8,0,2.65,4.4,0,2,4,0,2,3.9,0,2,4.2,0,2,4.3,0,2,4.4,0,2.86667,4.4,0,3.08333,4.4,0,3.3,4.4,0,3.71823,0.6,0,3.92734,0.6,0,4.34557,0.6,0,4.55469,0.6,0,4.55469,0.5,0,4.55469,0.4,0,4.55469,0,0,3.28333,0,0.5,3.50911,0.6,0.5,3.3,0.6,0.5,1.89401,3.8,0.5,1.89401,3.2,0.5,2,3.8,0.5,4.13646,0.6,0.5,4.55469,0.2,0.5,4.55469,0.3,0.5,4.34557,0.6,0.5,4.55469,0.5,0.5,4.55469,0.6,0.5,2.86667,4.4,0.5,3.3,3.76667,0.5,3.08333,4.4,0.5,2.65,4.4,0.5,2,3.9,0.5,1.68203,3.8,0.5,1.68203,3.2,0.5,1.78802,3.8,0.5,1.16042,0.6,0.5,0.740626,0.3,0.5,0.740626,0.2,0.5,3.3,1.86667,0.5,2,1.46667,0.5,3.3,1.23333,0.5,1.58021,0.6,0.5,1.3763,0,0.5,1.7901,0.6,0.5,4.55469,0.1,0.5,3.91901,0,0.5,4.55469,0,0.5,4.55469,0.4,0.5,3.92734,0.6,0.5,3.71823,0.6,0.5,2.64766,0,0.5,2,0.6,0.5,2,1.9,0.5,2,2.33333,0.5,2,1.03333,0.5,3.3,4.4,0.5,3.3,2.5,0.5,3.3,3.13333,0.5,2,2.76667,0.5,2,3.2,0.5,2.43333,4.4,0.5,2,4,0.5,2.21667,4.4,0.5,2,4.1,0.5,2,4.4,0.5,2,4.3,0.5,2,4.2,0.5,1.78802,3.2,0.5,1.36406,3.5,0.5,1.57604,3.8,0.5,1.36406,3.6,0.5,1.47005,3.8,0.5,1.36406,3.8,0.5,1.36406,3.7,0.5,1.57604,3.2,0.5,1.36406,3.4,0.5,1.47005,3.2,0.5,0.950521,0.6,0.5,0.740626,0.6,0.5,0.740626,0.5,0.5,1.36406,3.3,0.5,1.36406,3.2,0.5,2.01198,0,0.5,1.37031,0.6,0.5,0.740626,0.4,0.5,0.740626,0.1,0.5,0.740626,0,0.5]},"normal":{"type":"float32","components":3,